scholar_id,scholar_full_name,email,year_level,missing_cog_count
1,"Labis, InesA",il8237@gmail.com,4,3
5,"Malabed, Sancho Kael",skm1926@gmail.com,3,2
6,"Tabalanza, Jovita",jt8342@gmail.com,4,3
7,"Saclolo, Lou Odette",los4556@gmail.com,4,3
8,"Calicdan, Kanoy",kc3625@gmail.com,3,2
10,"Tabag, Eva Lydia",elt1279@gmail.com,2,1
14,"Pasaoa, Cipriano Restituto",crp2278@gmail.com,3,1
17,"Apanay, Jocelyn",ja4850@gmail.com,2,1
18,"Ligon, Alex Ainsley",aal9957@gmail.com,4,3
19,"Dayrit, Lovely",ld2815@gmail.com,4,1
26,"Quinoy, Francisco",fq3213@gmail.com,4,3
27,"Maninay, Vicky",vm7959@gmail.com,3,1
29,"Lamanilao, Luz",ll8454@gmail.com,4,1
33,"Bagalayos, Lilliane",lb2617@gmail.com,4,2
35,"Bayag, Adolfo",ab6885@gmail.com,3,1
41,"Cambay, Clara",cc5968@gmail.com,3,2
43,"Gonowon, Braulio Raquel",brg7406@gmail.com,4,1
45,"Tanga, Jovito",jt5318@gmail.com,3,1
46,"Payuyao, Faith",fp9930@gmail.com,3,1
48,"Gonowon, Ferdinand",fg4851@gmail.com,4,1
50,"Gampon, Clara Gonzalo",cgg6912@gmail.com,4,2
52,"Maglalang, Rogelio",rm3171@gmail.com,2,1
53,"Manipula, Lester",lm2441@gmail.com,2,1
55,"Lugtu, Felicity Kyle",fkl2528@gmail.com,3,1
56,"Capoy, Selma Donna",sdc5317@gmail.com,2,1
59,"Calinao, Rommel Tadeo",rtc7393@gmail.com,2,1
64,"Halina, Veronica Margaret",vmh9455@gmail.com,2,1
67,"Barlaan, Melvin",mb3193@gmail.com,4,2
69,"Dimaampao, Enrique Melanie",emd5394@gmail.com,4,3
71,"Amosin, Eurydice",ea6774@gmail.com,4,3
72,"Pila, Ronnie",rp4080@gmail.com,4,3
73,"Galos, Victor",vg5730@gmail.com,3,1
74,"Manalaysay, Rolando",rm1765@gmail.com,3,1
75,"Liwanag, Jacqueline",jl5004@gmail.com,3,1
76,"Salunga, Andrew Marjorie",ams3011@gmail.com,4,3
77,"Salapantan, Evangelina Roger",ers1898@gmail.com,3,2
78,"Manliclic, Esther",em9736@gmail.com,4,3
80,"Kasama, Giovanni",gk4239@gmail.com,4,3
83,"Gumihid, Pepe",pg8002@gmail.com,2,1
85,"Jacang, Jervis",jj7344@gmail.com,3,1
87,"Soliman, Harry Candice",hcs2877@gmail.com,3,1
89,"Dumaual, Jervis Melanie",jmd6476@gmail.com,3,2
90,"Dangtayan, Emily Gemma",egd3450@gmail.com,3,2
91,"Sumabat, Domingo",ds5608@gmail.com,3,1
92,"Tumbaga, Ambrosio",at3959@gmail.com,2,1
93,"Bagay, Mark Romualdo",mrb6595@gmail.com,2,1
94,"Alitagtag, George Georgia",gga2811@gmail.com,2,1
95,"Yagyagan, Beverly",by7940@gmail.com,2,1
97,"Agcamaran, Kyle Clarissa",kca7862@gmail.com,3,1
99,"Napalan, Socorro Janeth",sjn5324@gmail.com,2,1
101,"Dimaporo, Marvin Florentino",mfd2803@gmail.com,4,1
102,"Macalisang, Victor",vm2625@gmail.com,3,2
107,"Casao, Mario",mc6065@gmail.com,4,3
108,"Unabia, Angel Daphne",adu1940@gmail.com,4,3
109,"Manankil, Lilia Joan",ljm3611@gmail.com,3,1
111,"Saupan, Osmundo",os8565@gmail.com,2,1
114,"Agdinaoay, Alan Venancio",ava3044@gmail.com,3,1
115,"Cambay, Priscilla",pc2571@gmail.com,2,1
117,"Mactal, Paquito Kyle",pkm3786@gmail.com,3,1
118,"Mangubat, Leonardo",lm4342@gmail.com,3,1
119,"Macahilig, Kulas Victoria",kvm4211@gmail.com,2,1
122,"Paculan, Jessie Josefa",jjp2405@gmail.com,4,2
124,"Saguisag, Eloisa",es1672@gmail.com,3,2
125,"Hinagpis, Ruby",rh7199@gmail.com,4,2
127,"Manglona, Nadine",nm6666@gmail.com,3,2
128,"Matito, Malou Gabrielle",mgm7079@gmail.com,3,2
129,"Impoc, Tanya",ti1199@gmail.com,4,2
131,"Ayuyao, Clarissa",ca6518@gmail.com,4,1
135,"Bayoy, Frederick Ricky",frb9190@gmail.com,2,1
136,"Catubig, Teban",tc6139@gmail.com,3,2
139,"Calangan, Erning",ec8834@gmail.com,2,1
142,"Cabalatongan, Carol Anastasio",cac8156@gmail.com,4,1
145,"Bangayan, Hillary",hb8972@gmail.com,3,2
146,"Tomawis, Gladys Ronaldo",grt1320@gmail.com,2,1
147,"Jayan, Roland",rj8403@gmail.com,4,1
153,"Pagulayan, Gilberto Genevieve",ggp1915@gmail.com,4,3
154,"Poquis, Patricio Aurelia",pap9044@gmail.com,4,3
155,"Macuha, David",dm9533@gmail.com,3,1
157,"Liclican, Ernie Henry",ehl8658@gmail.com,4,1
158,"Madlangawa, Jeremy",jm4942@gmail.com,4,2
159,"Caylao, Jericho",jc7674@gmail.com,2,1
163,"Punsoy, Douglas Evangelina",dep6366@gmail.com,4,2
167,"Bocalig, Dante Daryl",ddb6212@gmail.com,3,2
168,"Magsumbol, Danica Fe",dfm9096@gmail.com,4,3
169,"Salabsab, Kristine",ks7062@gmail.com,4,2
170,"Maniulit, Adelaida Juana",ajm4701@gmail.com,2,1
172,"Una, Lilian",lu6680@gmail.com,3,2
174,"Supnet, Arvin Gemma",ags7610@gmail.com,3,2
175,"Batongbacal, Gilbert Luisa",glb2202@gmail.com,4,1
177,"Icat, Tadeo",ti2048@gmail.com,2,1
182,"Balata, Rhea",rb5968@gmail.com,3,1
183,"Imbo, Alvin",ai7174@gmail.com,4,3
184,"Orara, Magdalena",mo7484@gmail.com,4,1
188,"Nepomuceno, Erin Alejandra",ean4757@gmail.com,4,2
197,"Alunan, Flavio",fa2706@gmail.com,4,2
209,"Panlaqui, Ricky Marilyn",rmp7369@gmail.com,3,2
210,"Gungab, Linda",lg2628@gmail.com,2,1
216,"Cacdac, Andoy",ac3269@gmail.com,3,2
218,"Parotong, Gustavo",gp8340@gmail.com,4,2
219,"Ablang, Marta",ma7513@gmail.com,4,2
220,"Lakian, Migz",ml2270@gmail.com,3,1
222,"Baluyot, Roger",rb2279@gmail.com,2,1
232,"Godoy, Nelson Alicia",nag8711@gmail.com,2,1
233,"Bacunawa, Mauricio",mb3709@gmail.com,4,1
234,"Gacusan, Marcial Rebecca",mrg5984@gmail.com,4,3
235,"Bagasao, Fruto",fb6560@gmail.com,4,2
238,"Caliw-caliw, Sandy Pedring",spc5272@gmail.com,3,2
240,"Magsombol, Leonor Cecilio",lcm3643@gmail.com,3,2
241,"Iyog, Joshua Jacqueline",jji3966@gmail.com,4,3
242,"Matulin, Ramil Crystal",rcm1195@gmail.com,4,2
244,"Adlawan, Flordeliza",fa6126@gmail.com,4,3
250,"Visaya, Leticia Archie",lav7874@gmail.com,2,1
253,"Calilung, Magdalena",mc9750@gmail.com,3,2
254,"Mabunga, Carlos Marcelina",cmm8270@gmail.com,4,2
255,"Cabasug, Tiyago",tc3106@gmail.com,3,2
257,"Magpatoc, George Rosita",grm9172@gmail.com,2,1
258,"Bondoc, Gwendolyn Beatriz",gbb4075@gmail.com,2,1
259,"Oasay, Carol Darren",cdo3758@gmail.com,3,1
260,"Banaria, Paula Carol",pcb7287@gmail.com,2,1
261,"Balot, Lucho Ellen",leb2162@gmail.com,2,1
262,"Quilala, Darla",dq6469@gmail.com,4,1
266,"Amit, Marta",ma2157@gmail.com,4,1
267,"Caylo, Yolanda Alyssa",yac4546@gmail.com,3,2
268,"Cayongcong, Faustina",fc2068@gmail.com,4,2
269,"Maglalang, Emily Tessa",etm8682@gmail.com,4,2
270,"Tabilin, Pedro Evangeline",pet3281@gmail.com,4,3
272,"Caranguian, Jeffrey Victoriano",jvc2360@gmail.com,2,1
273,"Sabile, Jerome David",jds1186@gmail.com,4,2
275,"Rabara, Sabrina",sr5555@gmail.com,3,1
279,"Binotapa, Regina Ian",rib8352@gmail.com,2,1
283,"Putong, Daphne Victor",dvp2862@gmail.com,4,1
284,"Lalangan, Melvin Ciara",mcl4483@gmail.com,3,2
286,"Bangit, Gil Francine",gfb1946@gmail.com,4,3
289,"Balanon, Lilliane",lb6217@gmail.com,2,1
291,"Pagtakhan, Marianne Catalina",mcp8694@gmail.com,4,1
296,"Jabol, Amado Gabriela",agj7341@gmail.com,2,1
298,"Abut, Isidra Arlene",iaa6301@gmail.com,2,1
301,"Jalosjos, Analiza",aj5912@gmail.com,3,2
303,"Tabian, Tyron",tt5063@gmail.com,4,2
306,"Malaluan, Jeremy Carol",jcm5282@gmail.com,3,1
307,"Daco, Nadine Leila",nld2969@gmail.com,4,2
308,"Gulay, Janice Renzo",jrg8245@gmail.com,4,3
309,"Pacada, Lourdes Restituto",lrp2108@gmail.com,3,1
310,"Puyot, Amado Victor",avp7016@gmail.com,3,2
312,"Calilung, Gabriel",gc4335@gmail.com,3,2
313,"Maturan, Laura Ernie",lem7292@gmail.com,4,2
315,"Magpale, Tadeo Julio",tjm8750@gmail.com,3,2
318,"Balangue, Miguel",mb6760@gmail.com,4,3
319,"Pandaraoan, Coleen Laquisha",clp7599@gmail.com,4,1
320,"Deen, Morris",md9476@gmail.com,4,2
323,"Kaimo, Leticia",lk3141@gmail.com,4,1
325,"Mangampat, Fiona",fm8414@gmail.com,4,3
328,"Dimalanta, Maxine",md7371@gmail.com,3,1
330,"Tagle, Myrna Syano",mst7291@gmail.com,2,1
332,"Malapit, Jesusa",jm1836@gmail.com,2,1
333,"Bacani, Leilani",lb6063@gmail.com,3,1
334,"Padios, Arsenia Boris",abp9681@gmail.com,4,2
335,"Macatangay, Thomas",tm9404@gmail.com,3,2
336,"Tapuro, Leonida Laquisha",llt3792@gmail.com,2,1
337,"Pasamba, Fely",fp5647@gmail.com,4,2
340,"Pagsanjan, Cathleen Margarita",cmp1861@gmail.com,3,2
343,"Luzon, Evangelina",el7879@gmail.com,2,1
344,"Navalta, Angelito Sheryl",asn8079@gmail.com,2,1
347,"Dacalcap, Jocelyn Gregorio",jgd2342@gmail.com,4,3
348,"Aromin, Manolo Anita",maa9124@gmail.com,4,3
350,"Atangan, Princess",pa1161@gmail.com,4,3
352,"Jamorabon, Elise",ej2042@gmail.com,2,1
353,"Tulud, Melody",mt6934@gmail.com,3,2
356,"Agcamaran, Getulio Nenita",gna3510@gmail.com,2,1
358,"Mangabang, Nicolasa Marcus",nmm3755@gmail.com,4,2
361,"Laxa, Pepito",pl5407@gmail.com,2,1
364,"Manegdeg, Ignacio",im6204@gmail.com,3,1
366,"Patalinhug, Glenda",gp4259@gmail.com,3,2
368,"Abao, Marina Cleo",mca1187@gmail.com,2,1
369,"Pinga, Sophia",sp3305@gmail.com,3,2
371,"Lagos, Tonyo Karla",tkl9573@gmail.com,3,1
374,"Ayran, Sheila",sa5355@gmail.com,3,1
375,"Katalbas, Nelson Fernando",nfk9757@gmail.com,4,2
376,"Ampong, Rose",ra7917@gmail.com,4,2
377,"Mabilangan, Yolanda",ym1269@gmail.com,2,1
378,"Daguhay, Melvin Francis",mfd6046@gmail.com,4,3
380,"Dalogdog, Romualdo Manolo",rmd3022@gmail.com,2,1
381,"Gampon, Jocelyn Lorenzo",jlg3110@gmail.com,4,1
383,"Buntua, Joseph Franco",jfb6193@gmail.com,4,3
384,"Bugtong, Keziah Lester",klb1373@gmail.com,2,1
385,"Balani, Amanda Valerie",avb3764@gmail.com,4,1
386,"Subaybay, Norberto",ns5709@gmail.com,4,3
390,"Nakpil, Douglas Magda",dmn8370@gmail.com,3,1
395,"Tayabas, Romeo Rosa",rrt8553@gmail.com,2,1
397,"Sagayaga, Edward Pascual",eps6812@gmail.com,4,1
398,"Caabay, Johanne Daryl",jdc9135@gmail.com,2,1
399,"Tumaneng, Dustin",dt5151@gmail.com,4,2
402,"Inclan, Miguel",mi7383@gmail.com,3,1
403,"Maharais, Paula",pm5085@gmail.com,4,1
404,"Quililan, Raphaela",rq6611@gmail.com,3,2
405,"Caparas, Roxanne",rc9130@gmail.com,4,2
406,"Dampog, Teodora Chantal",tcd3873@gmail.com,4,3
408,"Cabebe, Melvin Edna",mec9058@gmail.com,4,2
409,"Padayao, Baldomero",bp8936@gmail.com,4,3
410,"Napuli, Glenda",gn9818@gmail.com,3,2
411,"Cabili, Lorena",lc3542@gmail.com,3,1
415,"Tupaz, Matthew Clarita",mct4504@gmail.com,3,1
419,"Andaya, Raymundo Mylene",rma1368@gmail.com,3,1
420,"Dauz, Sabrina Jocelyn",sjd9405@gmail.com,4,3
422,"Bagsit, Alberto Antoinette",aab5375@gmail.com,3,2
425,"Pendatum, Pekto",pp3262@gmail.com,3,2
429,"Calupitan, Sheila",sc9976@gmail.com,4,1
430,"Makadaig, Marilyn",mm3272@gmail.com,2,1
432,"Manotok, Ruby Ulrich",rum8844@gmail.com,2,1
433,"Palongpalong, Jocelyn Alexis",jap7614@gmail.com,4,1
435,"Marikit, Malou Claudio",mcm9627@gmail.com,2,1
439,"Mandilag, Eleanor Criselda",ecm5398@gmail.com,4,3
440,"Cuyugan, Cedric Flavio",cfc9597@gmail.com,2,1
443,"Biagan, Andrew Leonila",alb7894@gmail.com,4,3
444,"Tugade, Apolonio",at1199@gmail.com,4,3
446,"Mabini, Arielle",am1198@gmail.com,2,1
447,"Baitan, Ederlinda",eb8284@gmail.com,4,3
449,"Paat, Kim",kp3725@gmail.com,4,3
450,"Cabe, Tonisito Edison",tec6958@gmail.com,4,3
452,"Salop, Renante",rs7034@gmail.com,3,2
457,"Tongpalan, Anne Hermogenes",aht8393@gmail.com,2,1
459,"Pagdanganan, Umberto Kim",ukp4124@gmail.com,2,1
461,"Bulusan, Rafraf",rb6609@gmail.com,2,1
462,"Magadap, Jovito Justin",jjm3447@gmail.com,3,2
470,"Galasinao, Evangeline",eg8493@gmail.com,2,1
471,"Inclan, Rhian Allison",rai3196@gmail.com,4,2
473,"Abat, Socorro Raymundo",sra9734@gmail.com,3,2
476,"Makiling, Pamela Justine",pjm7401@gmail.com,2,1
479,"Paguirigan, Eric",ep1247@gmail.com,3,1
480,"Muyot, Pepito",pm7316@gmail.com,2,1
483,"Sakay, Tiffany Hermogenes",ths6793@gmail.com,3,1
484,"Godoy, Paula Jomari",pjg8283@gmail.com,4,1
488,"Catubo, Cornelio Cipriano",ccc1517@gmail.com,2,1
493,"Unabia, Esther",eu3118@gmail.com,2,1
496,"Kalalo, Cecilio",ck4973@gmail.com,4,1
503,"Cagaanan, Monching",mc6345@gmail.com,2,1
504,"Lumontad, Philip Daniel",pdl1837@gmail.com,2,1
509,"Pantig, Naomi Anne",nap3017@gmail.com,3,1
512,"Tuktukan, Jacinta Hilario",jht4026@gmail.com,4,2
518,"Dumalag, Mark",md3594@gmail.com,2,1
519,"Bacolor, Eloisa Eleazar",eeb2996@gmail.com,3,1
521,"Pagdanganan, Calixto",cp2210@gmail.com,4,3
525,"Ragamat, Josephine",jr3011@gmail.com,4,2
526,"Balanga, Austin Heidi",ahb3254@gmail.com,4,3
527,"Payaoan, Clinton",cp9859@gmail.com,3,2
529,"Macatanban, Benedicto Carl",bcm2599@gmail.com,2,1
530,"Marayag, Vivian Rosie",vrm7743@gmail.com,3,1
531,"Nuguid, Mateo",mn2367@gmail.com,4,3
532,"Biglang-awa, Lucho",lb1294@gmail.com,4,1
534,"Talagtag, Bob Benjie",bbt3705@gmail.com,4,1
536,"Bigayan, Goryo Randy",grb4129@gmail.com,4,3
538,"Puldulao, Ernesto Paul",epp2073@gmail.com,3,2
539,"Lagdameo, Nenita",nl9352@gmail.com,4,1
540,"Taghap, Donna",dt1195@gmail.com,2,1
541,"Tabangcura, Billy",bt3035@gmail.com,4,3
542,"Saupan, Tyron Elena",tes3480@gmail.com,2,1
543,"Dalaque, Luis Jacqueline",ljd3210@gmail.com,3,1
544,"Pambid, Macario Jessie",mjp4162@gmail.com,2,1
545,"Mabalot, Linda",lm7605@gmail.com,2,1
549,"Abueg, Louise Leonardo",lla7309@gmail.com,3,2
550,"Mariquit, Edilberto",em8214@gmail.com,3,1
551,"Babasa, Oliver Fernan",ofb6055@gmail.com,2,1
552,"Sagisi, Cresencia",cs6432@gmail.com,3,2
553,"Sugay, Lawrence Zacarias",lzs1062@gmail.com,2,1
554,"Damaolao, Criselda",cd1126@gmail.com,4,3
555,"Buhayin, Emelita Eliseo",eeb1990@gmail.com,2,1
563,"Macatuno, Anton Ronald",arm6357@gmail.com,2,1
564,"Calinao, Kenan",kc4693@gmail.com,4,2
565,"Lumahan, Remedios",rl7318@gmail.com,2,1
571,"Ridao, Veronica Fabio",vfr4763@gmail.com,4,3
574,"Palabay, Boris",bp2773@gmail.com,3,2
575,"Payoyot, Andoy Edmund",aep2642@gmail.com,4,1
578,"Labao, Richard Juanita",rjl1904@gmail.com,2,1
580,"Paurom, Eugene Ingrid",eip3284@gmail.com,2,1
582,"Bagala, Godofredo Dennis",gdb1448@gmail.com,4,3
583,"Casama, Francine",fc6278@gmail.com,3,2
585,"Mangayo, Richard Dante",rdm6205@gmail.com,3,2
587,"Casama, Luisa",lc8114@gmail.com,3,1
588,"Conol, Criselda Rosalinda",crc5214@gmail.com,3,1
589,"Atay, Jomari",ja7174@gmail.com,3,2
591,"Dumondon, Karla Alfonso",kad7766@gmail.com,4,2
592,"Lansigan, Raymundo Dulce",rdl6753@gmail.com,4,1
593,"Paa, Petra",pp4890@gmail.com,2,1
595,"Dadap, Tere",td1569@gmail.com,2,1
597,"Cabansag, Joanne",jc2873@gmail.com,3,2
599,"Buhayin, Brenda Julita",bjb8685@gmail.com,4,1
601,"Pamuspusan, Rolando Christine",rcp1185@gmail.com,3,1
603,"Balino, Raquel",rb2305@gmail.com,4,1
608,"Puruganan, Luciano",lp3276@gmail.com,3,1
609,"Nipay, Jeremy",jn1441@gmail.com,2,1
610,"Cajulao, Petra",pc8603@gmail.com,2,1
614,"Bihis, Ofelia",ob7293@gmail.com,2,1
615,"Balani, Nadine Santiago",nsb5721@gmail.com,3,1
616,"Masungsong, Alejandra Nelson",anm4618@gmail.com,2,1
617,"Sahagun, Harold Sydney",hss8017@gmail.com,3,2
619,"Agtarap, Remedios Robin",rra3187@gmail.com,4,3
622,"Caoili, Dorothy",dc7766@gmail.com,4,1
623,"Licaycay, Marcelino",ml9617@gmail.com,3,2
625,"Bulala, Cynthia Ambrosio",cab6709@gmail.com,2,1
626,"Maranan, Emily",em2669@gmail.com,4,1
630,"Magpatoc, Francine Teban",ftm4781@gmail.com,4,3
631,"Macalam, Rodelio Paeng",rpm7996@gmail.com,3,2
632,"Banaria, Jeffrey",jb1764@gmail.com,3,2
633,"Omaga, Janet",jo9346@gmail.com,4,3
636,"Panis, Pilar Noe",pnp3728@gmail.com,2,1
638,"Gacutan, Adelina",ag5552@gmail.com,2,1
639,"Magday, Audrey",am8710@gmail.com,4,3
640,"Pili, Clinton",cp2924@gmail.com,4,2
642,"Macairan, Caleb Arthur",cam1302@gmail.com,4,3
643,"Kasilag, Carolyn",ck4655@gmail.com,4,3
648,"Tubaon, Lilia Jack",ljt3383@gmail.com,4,1
649,"Dayanghirang, Charles Judith",cjd6753@gmail.com,3,2
651,"Pamuspusan, Bienvenido",bp3366@gmail.com,3,1
654,"Magday, Mildred Leticia",mlm5463@gmail.com,3,1
656,"Tabuyo, Darius",dt1903@gmail.com,2,1
658,"Lacanilao, Clarence Emilia",cel1356@gmail.com,3,2
659,"Ablasa, Susan",sa2342@gmail.com,3,1
663,"Caoili, Armando",ac8225@gmail.com,3,1
664,"Bio, Conrad",cb2526@gmail.com,3,2
665,"Salboro, Regina",rs6571@gmail.com,3,2
667,"Raagas, Eugene Rodrigo",err8077@gmail.com,3,2
668,"Banua, Kim",kb7973@gmail.com,3,1
671,"Binongcal, Milagros",mb6175@gmail.com,4,2
672,"Sagaran, Chloe Rolando",crs8838@gmail.com,2,1
673,"Caharian, Marion",mc9181@gmail.com,3,2
676,"Caccam, Austin",ac2597@gmail.com,4,1
678,"Itchon, Renzo",ri8736@gmail.com,3,1
682,"Robang, Reign Paula",rpr6228@gmail.com,3,2
683,"Cagayan, Rosita Fely",rfc2930@gmail.com,3,1
685,"Hinayon, Gilbert",gh9692@gmail.com,4,1
686,"Calinao, Crisanto Clarita",ccc5608@gmail.com,4,3
692,"Salumbides, Danica",ds8518@gmail.com,2,1
694,"Sopsop, Elmer",es2002@gmail.com,4,3
696,"Aliling, Anita",aa9366@gmail.com,2,1
698,"Dangtayan, Larissa Aurelio",lad6023@gmail.com,4,2
706,"Tagatac, Vicky Leonardo",vlt3596@gmail.com,4,1
709,"Soliman, Teobaldo",ts6064@gmail.com,3,2
710,"Lacanglacang, Penelope Leilani",pll6298@gmail.com,4,3
712,"Camagun, Justin",jc5861@gmail.com,2,1
713,"Casiano, Sheila",sc3024@gmail.com,4,3
714,"Balangue, Pacita Menardo",pmb6024@gmail.com,4,3
716,"Capulong, Jeffrey Marian",jmc6750@gmail.com,4,1
717,"Babaylan, Reuben Luis",rlb2261@gmail.com,3,1
720,"Datingginoo, Eunice Emeterio",eed6004@gmail.com,3,2
723,"Bancain, Thomas Emong",teb4308@gmail.com,4,2
726,"Licud, Alejandra",al4708@gmail.com,4,1
731,"Padagas, Panchito Ambrose",pap7614@gmail.com,4,3
733,"Alupay, Osmundo Simon",osa6282@gmail.com,2,1
735,"Longid, Marina Ernesto",mel1549@gmail.com,3,1
736,"Layno, Jonathan",jl6391@gmail.com,4,3
739,"Agbuya, May Xander",mxa5143@gmail.com,4,1
743,"Barangan, Tonying Gideon",tgb8394@gmail.com,4,3
744,"Palisoc, Billy Cecilia",bcp4214@gmail.com,3,1
745,"Sagiguinto, Peter",ps2433@gmail.com,3,1
746,"Nunag, Jared Ezequiel",jen8587@gmail.com,4,1
748,"Galima, Fortunato Princess",fpg9010@gmail.com,3,1
751,"Madlangbayan, Ernie Therese",etm2939@gmail.com,4,2
752,"Tiglao, Wendell Jenny",wjt7483@gmail.com,4,2
753,"Mabini, Daryl",dm5457@gmail.com,2,1
754,"Raagas, Teban",tr2205@gmail.com,2,1
755,"Racelis, Sergio Cresencia",scr6797@gmail.com,2,1
757,"Dolera, Camilo",cd6183@gmail.com,3,1
758,"Laguatan, Julio",jl1327@gmail.com,2,1
759,"Maliwanag, Nigel",nm2245@gmail.com,3,2
763,"Araw, Matthew",ma3712@gmail.com,3,2
766,"Lucena, Tiyago",tl3561@gmail.com,3,1
767,"Putong, Mary Jane",mjp1184@gmail.com,4,3
770,"Capuno, Leah Daniel",ldc8966@gmail.com,4,1
771,"Afuyog, Marcela",ma5719@gmail.com,4,2
777,"Bactad, Jonathan",jb7220@gmail.com,4,2
782,"Apanapao, Paz",pa1425@gmail.com,3,2
783,"Dimarumba, Hermenegildo",hd6845@gmail.com,4,2
785,"Yumul, Tere Sarah",tsy8566@gmail.com,3,1
786,"Cabututan, Lilliane Ebenezer",lec1054@gmail.com,2,1
794,"Magbag, Douglas Alexander",dam7780@gmail.com,4,3
798,"Cabangbang, Eunice",ec2727@gmail.com,3,2
800,"Talusan, Leodigario Althea",lat8551@gmail.com,3,1
802,"Simangan, Esther",es5633@gmail.com,4,3
803,"Tuliao, Calixto Gabrielle",cgt3525@gmail.com,2,1
805,"Acda, Nicole Jovito",nja8154@gmail.com,3,1
808,"Manacsa, Renante Kanoy",rkm3035@gmail.com,4,2
810,"Macabuhay, Chelsea",cm3958@gmail.com,3,2
817,"Pasamba, Jericho",jp7911@gmail.com,3,2
819,"Mangalino, Eugenio",em1902@gmail.com,4,2
821,"Patacsil, Jorge",jp1303@gmail.com,2,1
823,"Malinsangan, Jomari Philip",jpm1734@gmail.com,3,1
829,"Baliling, Eleanor",eb5543@gmail.com,2,1
835,"Sunga, Kirby Rafaela",krs2981@gmail.com,3,2
836,"Apdal, Jerry",ja2117@gmail.com,2,1
839,"Subili, Bertrand",bs7317@gmail.com,4,2
840,"Bagang, Artemio",ab4696@gmail.com,4,1
841,"Ablasa, Tessa",ta4051@gmail.com,4,3
842,"Gabat, Morris Frederick",mfg6355@gmail.com,2,1
845,"Saplala, Claudine Susano",css8758@gmail.com,3,2
847,"Katapang, Gabrielle",gk5858@gmail.com,2,1
853,"Kabayao, Francisca",fk6214@gmail.com,3,2
858,"Acupan, Panchito",pa4986@gmail.com,3,1
859,"Lakanilaw, Erasmo",el7297@gmail.com,4,1
862,"Casim, Juana",jc5836@gmail.com,4,1
863,"Manguinao, Dionisio",dm3809@gmail.com,4,1
865,"Pabulayan, Angela",ap6574@gmail.com,3,2
867,"Recato, Michael",mr3311@gmail.com,2,1
870,"Naui, Dylan Henrietta",dhn5296@gmail.com,2,1
871,"Talagtag, Kevin Mari",kmt5083@gmail.com,3,1
873,"Apelin, Morris",ma6897@gmail.com,2,1
874,"Bugnos, Micaela Josefa",mjb4035@gmail.com,4,2
877,"Alonto, Jean Heidi",jha2787@gmail.com,4,2
881,"Palapala, Ulysses",up1829@gmail.com,2,1
882,"Calajati, Calista",cc1605@gmail.com,4,1
886,"Maganto, Catherine Wendy",cwm4250@gmail.com,3,2
887,"Carangal, Bruno Daphne",bdc4512@gmail.com,2,1
890,"Sibayan, Patrick Johanne",pjs1311@gmail.com,2,1
892,"Gamit, Gregorio Dominga",gdg9884@gmail.com,4,2
893,"Manas, Paula Puring",ppm6165@gmail.com,4,2
897,"Galapon, Dwarding",dg5831@gmail.com,4,1
901,"Estigoy, Benedicto",be6303@gmail.com,2,1
904,"Pagulayan, Sonia",sp9152@gmail.com,3,1
910,"Agapito, Deodato",da2809@gmail.com,4,3
911,"Mappala, Angelito",am7187@gmail.com,4,3
916,"Sawi, Victor",vs4124@gmail.com,4,2
924,"Bayquen, Lucia Monique",lmb8555@gmail.com,4,3
925,"Banaticla, Teban",tb2053@gmail.com,3,2
926,"Madali, Arielle Rudolph",arm7502@gmail.com,2,1
927,"Dasalan, Netoy",nd9475@gmail.com,2,1
929,"Orig, Melissa Grace",mgo7833@gmail.com,4,3
930,"Ona, Micaela",mo8691@gmail.com,4,2
931,"Tindongan, Elvira",et8809@gmail.com,3,1
932,"Licuanan, Jillian",jl7757@gmail.com,3,1
935,"Dimawili, Kardo",kd3512@gmail.com,4,3
936,"Poyaoan, Madeleine Vanessa",mvp7212@gmail.com,4,1
937,"Bagasao, Jillian",jb8821@gmail.com,4,2
938,"Sapin, Isidra",is4055@gmail.com,2,1
941,"Dinolang, Jane",jd9286@gmail.com,4,1
945,"Pacada, Manolo Princess",mpp3344@gmail.com,4,3
946,"Balatazo, Victoria",vb8190@gmail.com,2,1
947,"Alumisin, Goryo Norberto",gna7176@gmail.com,4,3
948,"Calag, Miguelito Regina",mrc6445@gmail.com,4,2
949,"Balason, Monique",mb2539@gmail.com,4,3
952,"Manlagnit, Erin",em9628@gmail.com,3,1
958,"Panganiban, Elma Helen",ehp1956@gmail.com,3,2
960,"Saradpon, Sara",ss4237@gmail.com,2,1
963,"Ugalino, Danielle",du3983@gmail.com,4,3
965,"Mania, Leonila Raymond",lrm9825@gmail.com,3,2
967,"Bontuyan, George Teodora",gtb1018@gmail.com,2,1
970,"Maghuyop, Paquito",pm7890@gmail.com,3,2
971,"Caguingin, Umberto Lilian",ulc9386@gmail.com,4,1
972,"Quiray, George Tanya",gtq3186@gmail.com,3,1
973,"Panuncialonan, Julita Leslie",jlp2444@gmail.com,3,2
974,"Sibug, Jovito Felipe",jfs5721@gmail.com,4,3
976,"Ruadap, Lyndon",lr2465@gmail.com,2,1
979,"Casama, Edwin Catalina",ecc6291@gmail.com,4,2
980,"Bawalan, Octavio Florence",ofb7862@gmail.com,2,1
981,"Moguet, Umberto",um3084@gmail.com,3,1
982,"Olala, Dina Natalia",dno9135@gmail.com,4,1
986,"Salang, Cathleen Leodigario",cls5548@gmail.com,2,1
988,"Tagasa, Umberto Tessa",utt6477@gmail.com,2,1
991,"Canlas, Franco",fc2399@gmail.com,4,3
992,"Labis, Isaias Cecilia",icl3176@gmail.com,2,1
994,"Tapang, Marc",mt4764@gmail.com,3,1
995,"Sabacan, Leonora Mackenzie",lms5044@gmail.com,3,1
997,"Baliao, Anita Jasmine",ajb5410@gmail.com,4,1
1001,"Lumala, Lester Larissa",lll3732@gmail.com,2,1
1003,"Ugalino, Leilani",lu5310@gmail.com,4,3
1004,"Ilog, Eula",ei9091@gmail.com,3,1
1008,"Magtanong, Leah Paula",lpm7305@gmail.com,2,1
1009,"Tablac, Elma",et2078@gmail.com,2,1
1010,"Salangsang, Fe Carlito",fcs2129@gmail.com,3,2
1011,"Lapira, Faith",fl1412@gmail.com,4,3
1012,"Cayron, Roque Goyo",rgc9285@gmail.com,2,1
1014,"Dinguinbayan, Tonton Giovanni",tgd6599@gmail.com,4,3
1016,"Casumbal, Dina Romeo",drc2439@gmail.com,4,2
1020,"Calayag, Julie Eunice",jec4298@gmail.com,3,1
1021,"Gutang, Hernando",hg5605@gmail.com,2,1
1022,"Mananquil, Darla Eloisa",dem4480@gmail.com,3,1
1023,"Paglingayen, Rosie",rp1279@gmail.com,3,1
1024,"Mangabang, Tiyago",tm6196@gmail.com,4,1
1026,"Makapinlac, Ebenezer Victoria",evm5489@gmail.com,3,1
1029,"Dimaampao, Fabio Nadine",fnd9275@gmail.com,4,3
1030,"Pacada, Felipe Crystal",fcp2149@gmail.com,3,1
1031,"Batac, Jezebel Arcadio",jab6508@gmail.com,3,1
1032,"Tagorda, Shaira",st2279@gmail.com,4,3
1034,"Calpito, Janine Erning",jec9877@gmail.com,3,1
1037,"Sagudan, Janet",js3259@gmail.com,2,1
1038,"Botengan, Aries Anselmo",aab4535@gmail.com,3,2
1039,"Carasig, Rafa Glenda",rgc8574@gmail.com,4,1
1040,"Liboon, Micael",ml2265@gmail.com,3,1
1042,"Macadangdang, Eloisa Divina",edm5507@gmail.com,4,3
1043,"Gumatay, Ernesto Ian",eig5820@gmail.com,2,1
1044,"Mabborang, Eduardo",em9715@gmail.com,4,1
1045,"Macapagal, Shane Monching",smm4435@gmail.com,3,2
1046,"Dumagpi, Restituto Vanessa",rvd7734@gmail.com,3,1
1052,"Buractaon, Georgia Amelia",gab1586@gmail.com,4,1
1054,"Lucagbo, Pamela Renz",prl6492@gmail.com,3,2
1056,"Fiag-Oy, Nestor Renante",nrf9347@gmail.com,2,1
1057,"Salonga, Edison",es8081@gmail.com,3,2
1059,"Babasa, Nicanor Reign",nrb3545@gmail.com,4,1
1062,"Jumao-as, Analiza Emmanuel",aej1479@gmail.com,2,1
1065,"Basubas, Vicky Elsa",veb1467@gmail.com,2,1
1066,"Halina, Mae",mh6563@gmail.com,4,2
1070,"Pili, Alejandro",ap9848@gmail.com,3,1
1071,"Siapno, Jaime Cecilia",jcs6888@gmail.com,4,2
1072,"Tagulao, Therese Aries",tat9034@gmail.com,2,1
1074,"Cabatuan, Alberto",ac2435@gmail.com,3,1
1075,"Agam, Denise Fulgencio",dfa1010@gmail.com,3,1
1076,"Dagohoy, Dolores Jennilyn",djd8955@gmail.com,4,3
1077,"Magsombol, Narciso Eugene",nem4211@gmail.com,2,1
1079,"Caylao, Salvador",sc2858@gmail.com,4,1
1081,"Tagalogan, Jonathan Noel",jnt7697@gmail.com,2,1
1082,"Manankil, Raphaela",rm7331@gmail.com,4,2
1085,"Pamandanan, Kristen Minerva",kmp7283@gmail.com,4,1
1087,"Uacal, Cecilia Kiana",cku3340@gmail.com,3,2
1089,"Ayuyao, Berto Alicia",baa3477@gmail.com,3,2
1092,"Maturan, Conchita Ellen",cem4078@gmail.com,3,2
1093,"Ea, Eloisa",ee6592@gmail.com,4,3
1094,"Tuparan, Jerome",jt7765@gmail.com,3,1
1096,"Manliklik, Chelsea",cm6239@gmail.com,3,1
1098,"Dahilig, Erica Rey",erd4629@gmail.com,3,2
1099,"Magalued, Keziah",km9724@gmail.com,3,1
1102,"Malaggay, Katrina",km9089@gmail.com,3,1
1105,"Gamelon, Reuben",rg5733@gmail.com,4,2
1106,"Jamo, Billy Danica",bdj1322@gmail.com,4,2
1108,"Madayag, Alyssa",am1966@gmail.com,4,3
1110,"Dimapindan, Helen",hd2526@gmail.com,4,1
1113,"Sampaga, Timon Kendra",tks8584@gmail.com,3,1
1114,"Tomalon, Teobaldo Rafraf",trt2015@gmail.com,3,1
1115,"Matubis, Shirley",sm8123@gmail.com,4,1
1116,"Jungao, Bianca",bj7697@gmail.com,3,1
1119,"Cabulda, Moises",mc9983@gmail.com,4,2
1122,"Bitagon, Ismael Eliseo",ieb8657@gmail.com,3,2
1123,"Abinsay, Boris",ba9121@gmail.com,3,2
1124,"Lagandaon, Edgardo Sophia",esl7703@gmail.com,4,1
1130,"Oab, Aurelia Rafaela",aro5721@gmail.com,2,1
1131,"Luyun, Olivia Elsa",oel8641@gmail.com,2,1
1132,"Tablit, Nimfa Lorna",nlt3934@gmail.com,2,1
1134,"Mananquil, Leonor",lm5677@gmail.com,2,1
1137,"Pangcob, Arsenio Ruel",arp7730@gmail.com,4,2
1138,"Nogoy, Aristotle",an9460@gmail.com,3,1
1140,"Muyot, Sheila",sm4543@gmail.com,3,2
1141,"Nakpawan, Cecilia",cn8199@gmail.com,4,2
1142,"Yacapin, Edward Alexander",eay7949@gmail.com,4,2
1143,"Cabasug, Arielle Heart",ahc2481@gmail.com,3,2
1144,"Ulanday, Shaira",su5705@gmail.com,4,2
1146,"Apanapao, Luis Rodolfo",lra4146@gmail.com,4,3
1148,"Bantilan, Ricky Emelita",reb2021@gmail.com,4,3
1149,"Lacanglacang, Laura",ll9755@gmail.com,2,1
1154,"Acda, Solomon Gerardo",sga5844@gmail.com,2,1
1155,"Salunga, Camilo",cs5955@gmail.com,2,1
1156,"Magsalin, Hendrix Cornelio",hcm9776@gmail.com,3,2
1157,"Salop, Jovito",js7245@gmail.com,3,1
1159,"Itum, Jesusa",ji7444@gmail.com,2,1
1162,"Iniba, Oliverio",oi6218@gmail.com,2,1
1164,"Macatunao, Stephanie",sm7722@gmail.com,2,1
1166,"Macale, Rafraf Miguelito",rmm4987@gmail.com,3,1
1172,"Taag, Domeng Ashley",dat9130@gmail.com,4,1
1174,"Balatazo, Susana",sb4186@gmail.com,4,2
1177,"Salabsab, Pilar Netoy",pns7467@gmail.com,4,3
1178,"Parangalan, Rey Gary",rgp9977@gmail.com,2,1
1182,"Jumao-as, Sherwin Rachel",srj5199@gmail.com,2,1
1183,"Silago, Ignacio",is6386@gmail.com,4,1
1185,"Cagampan, Estrelita",ec5475@gmail.com,4,2
1186,"Ugalino, Gretchen",gu2408@gmail.com,4,1
1187,"Tugado, Keziah",kt4796@gmail.com,4,1
1189,"Quiray, Javier",jq6449@gmail.com,4,3
1191,"Suayan, Nelson Paula",nps3757@gmail.com,4,2
1195,"Nacalaban, Anselmo Josefa",ajn8869@gmail.com,2,1
1202,"Gabato, Avelino",ag1525@gmail.com,4,2
1204,"Balweg, Leonila",lb4060@gmail.com,4,2
1206,"Bonotan, Roberto",rb3255@gmail.com,4,2
1207,"Dimailig, Victor",vd4721@gmail.com,3,2
1208,"Manglona, Arsenio Jessica",ajm3394@gmail.com,3,2
1213,"Karunungan, Obed John",ojk6300@gmail.com,2,1
1214,"Magsayo, Thomas",tm2073@gmail.com,2,1
1218,"Rasay, Douglas",dr5263@gmail.com,2,1
1225,"Payoyot, Gilbert Coleen",gcp9654@gmail.com,4,3
1226,"Domugho, Gabriela",gd3743@gmail.com,4,3
1227,"Kabaitan, Mario",mk3086@gmail.com,4,3
1230,"Aganad, Liam",la3600@gmail.com,3,2
1231,"Pataray, Benito Kulas",bkp5427@gmail.com,3,2
1232,"Cabaccan, Minerva",mc6058@gmail.com,4,1
1236,"Matalam, Angelina Fiona",afm5516@gmail.com,2,1
1238,"Cagayan, Simon",sc8012@gmail.com,4,1
1239,"Agdamag, Restituto",ra2070@gmail.com,2,1
1241,"Magsino, Iluminada Alonzo",iam7010@gmail.com,2,1
1243,"Calaycay, Japheth",jc1212@gmail.com,3,2
1246,"Digol, Cassandra Amanda",cad1851@gmail.com,4,1
1247,"Magsadia, Liam",lm8418@gmail.com,3,1
1249,"Panindagat, Michelle",mp2066@gmail.com,2,1
1251,"Panahon, Kiana",kp9929@gmail.com,4,3
1252,"Dimapilis, Emily Donald",edd9615@gmail.com,2,1
1253,"Pahati, Ruel Esther",rep5257@gmail.com,2,1
1254,"Culala, Larry",lc7441@gmail.com,2,1
1257,"Casupang, Gabo",gc9525@gmail.com,4,3
1267,"Tapina, Vanessa",vt2049@gmail.com,2,1
1270,"Balana, Maynard",mb4793@gmail.com,4,1
1272,"Okala, Jezebel Honorio",jho8869@gmail.com,2,1
1278,"Bitagon, Louise",lb1771@gmail.com,3,1
1279,"Cabal, Tonton Cassandra",tcc1003@gmail.com,4,3
1280,"Gumato, Odette",og5890@gmail.com,3,1
1281,"Tabalanza, Paeng",pt8187@gmail.com,4,3
1282,"Cabatuan, Basilio",bc8003@gmail.com,4,2
1286,"Babingao, Margaret",mb3654@gmail.com,2,1
1288,"Caliso, Leona",lc3995@gmail.com,4,2
1290,"Gampon, Alan Loreto",alg7145@gmail.com,4,1
1293,"Dumalus, Billy",bd9659@gmail.com,2,1
1296,"Manaligod, Chloe",cm2370@gmail.com,2,1
1297,"Jacutan, Kirby",kj7303@gmail.com,2,1
1298,"Macabuhay, Minerva",mm2817@gmail.com,2,1
1300,"Aclan, Erin",ea7901@gmail.com,3,1
1301,"Delasin, Cleo Primo",cpd5223@gmail.com,3,2
1303,"Orara, Chloe",co7459@gmail.com,3,1
1306,"Mangaser, Teobaldo",tm6516@gmail.com,4,2
1309,"Cambonga, Perceval Evelyn",pec8149@gmail.com,3,1
1313,"Pedlaoan, Daisy",dp5855@gmail.com,3,2
1314,"Cosalan, Dulce Ariel",dac2631@gmail.com,2,1
1317,"Somawang, Artemio Isidra",ais8212@gmail.com,4,1
1318,"Saoyen, Hernando",hs5366@gmail.com,4,2
1319,"Bayog, Ramil Leah",rlb1923@gmail.com,3,2
1323,"Abucay, Juanita",ja8541@gmail.com,2,1
1324,"Bigay, Margarita Kevin",mkb1627@gmail.com,4,2
1325,"Aglibut, Efren",ea6556@gmail.com,2,1
1326,"Lapitan, Alicia Irma",ail8236@gmail.com,4,3
1328,"Adapon, Vicente",va1864@gmail.com,3,2
1329,"Baad, Narciso Mae",nmb5953@gmail.com,4,3
1331,"Duclayan, Rafaela Marian",rmd9833@gmail.com,2,1
1335,"Polutan, Basilio",bp7837@gmail.com,2,1
1337,"Malayang, Miguel",mm8857@gmail.com,3,2
1338,"Lacdan, Lovely",ll9569@gmail.com,2,1
1340,"Ayuman, Ireneo",ia8607@gmail.com,4,2
1341,"Sabog, Lilliane Tiffany",lts6560@gmail.com,4,1
1342,"Saguisag, Emily Paul",eps7367@gmail.com,4,1
1343,"Salarila, Clemente Cherry",ccs8077@gmail.com,4,2
1344,"Cabungcal, Soledad",sc2781@gmail.com,4,1
1346,"Raposas, Migz",mr4172@gmail.com,2,1
1347,"Cunanan, Tyron Jesse",tjc4865@gmail.com,2,1
1349,"Panganiban, Gil",gp3475@gmail.com,4,2
1353,"Gubatan, Agnes",ag5529@gmail.com,2,1
1358,"Manibusan, Adrian",am2795@gmail.com,4,2
1360,"Dimapasoc, Emelita Jaime",ejd8106@gmail.com,4,2
1364,"Magbual, Narciso Nancy",nnm9171@gmail.com,3,2
1365,"Biag, Clarence Eliseo",ceb6340@gmail.com,4,2
1367,"Cabael, Eddie Hernando",ehc3912@gmail.com,4,2
1369,"Darang, Dwarding",dd1903@gmail.com,4,1
1370,"Omipon, Japheth",jo1463@gmail.com,3,1
1371,"Balangue, Analiza",ab1061@gmail.com,3,1
1372,"Bayuga, Norma Milagros",nmb3378@gmail.com,4,3
1374,"Malixi, Roque James",rjm1065@gmail.com,3,1
1375,"Abut, Janine Tiyago",jta2764@gmail.com,3,2
1377,"Baad, Jason/Jayson",jb5207@gmail.com,4,3
1379,"Bonotan, Oliver Luciano",olb5678@gmail.com,3,1
1381,"Guihama, Harry",hg4772@gmail.com,2,1
1386,"Icban, Irma",ii6532@gmail.com,4,3
1388,"Cabasagan, Anne",ac3330@gmail.com,2,1
1389,"Panindagat, Marianne",mp8700@gmail.com,4,2
1397,"Ugale, Eugenia Heart",ehu6075@gmail.com,4,2
1399,"Dapayan, Nancy",nd9589@gmail.com,3,1
1401,"Lumungsod, Alex",al6615@gmail.com,3,2
1403,"Domulot, Felino",fd9740@gmail.com,3,1
1405,"Talisayon, Aries",at8216@gmail.com,3,2
1408,"To-ong, Felino",ft8838@gmail.com,2,1
1411,"Tagay, Armando",at2811@gmail.com,3,2
1412,"Toliao, Steve",st6315@gmail.com,3,1
1413,"Langit, Mario Jennilyn",mjl4677@gmail.com,3,2
1414,"Balamut, Jean Benjamin",jbb4573@gmail.com,3,2
1415,"Sampang, Julita Berto",jbs4467@gmail.com,4,1
1417,"Magpatoc, Graciela Marianne",gmm1765@gmail.com,3,1
1418,"Pisigan, Luisa Bertrand",lbp1887@gmail.com,3,1
1419,"Ducut, Carlos",cd5313@gmail.com,4,1
1423,"Biag, Kenan",kb5345@gmail.com,2,1
1424,"Yabut, Julius Jacinta",jjy5208@gmail.com,3,1
1425,"Datoc, Beatriz",bd5846@gmail.com,2,1
1427,"Pinga, Juana",jp3546@gmail.com,3,2
1429,"Patalinhug, Xander",xp2638@gmail.com,2,1
1430,"Manlangit, Venancio Glenda",vgm3917@gmail.com,4,2
1431,"Agbayani, Teofisto Gregory",tga3011@gmail.com,2,1
1432,"Galay, Robert Ronald",rrg5896@gmail.com,2,1
1436,"Balabagan, Benito Liza",blb6358@gmail.com,4,1
1437,"Gumato, Basilio Julia",bjg4601@gmail.com,4,2
1438,"Pukis, Herminia Jaime",hjp5882@gmail.com,2,1
1439,"Tabocol, Jessica Bernardo",jbt8012@gmail.com,2,1
1440,"Cagampan, Rafraf",rc1591@gmail.com,3,1
1441,"Mamaclay, Emeteria Eunice",eem9654@gmail.com,3,1
1443,"Tamo, Lovely Lucille",llt4612@gmail.com,3,2
1444,"Yasay, Umberto Getulio",ugy6026@gmail.com,4,2
1447,"Dulag, Rodolfo Isaac",rid7445@gmail.com,4,1
1449,"Butac, Simon Loreto",slb8561@gmail.com,3,1
1453,"Pacana, Rafaela",rp2146@gmail.com,2,1
1456,"Calpito, Mackenzie Camilo",mcc7805@gmail.com,2,1
1457,"Lumiqued, Josefina",jl5758@gmail.com,3,1
1458,"Kaimo, Sheila Erin",sek3602@gmail.com,3,1
1459,"Mingoc, Rodrigo",rm4889@gmail.com,3,2
1462,"Bulaong, Apolonio",ab1401@gmail.com,2,1
1463,"Sayaboc, Darla",ds8902@gmail.com,3,2
1465,"Manguiat, Irene",im8396@gmail.com,4,2
1468,"Moguet, Simon Veronica",svm8919@gmail.com,4,3
1473,"Padios, Jorge",jp4066@gmail.com,4,2
1474,"Halili, Nelson Ainsley",nah7706@gmail.com,2,1
1475,"Dilag, Sara",sd5660@gmail.com,3,1
1476,"Dimaunahan, Sergio",sd6272@gmail.com,4,1
1477,"Tomines, Eddie Gabrielle",egt2286@gmail.com,2,1
1481,"Mungcal, Esteban Paquito",epm8043@gmail.com,2,1
1482,"Ulanday, Solomon Dionisia",sdu1354@gmail.com,4,3
1485,"Abay, Kenan",ka9607@gmail.com,2,1
1495,"Dato, Tyron Mylene",tmd9861@gmail.com,2,1
1497,"Pamintuan, Edmund Lemuel",elp2861@gmail.com,3,2
1498,"Balot, Evangeline Arcadio",eab5491@gmail.com,4,3
1499,"Sudiacal, Ladislao Ariel",las4306@gmail.com,4,1
1502,"Malig, Isabella Sydney",ism5196@gmail.com,4,1
1503,"Casama, Clarissa",cc3719@gmail.com,4,2
1506,"Apoga, Kirsten Dulce",kda9908@gmail.com,3,2
1510,"Mabasa, Edu Panchito",epm1060@gmail.com,4,2
1511,"Nitafan, Efren Michael",emn3532@gmail.com,4,3
1512,"Malayang, Benito",bm4142@gmail.com,2,1
1516,"Manasan, Mackenzie",mm7517@gmail.com,4,1
1517,"Vagay, Lucia",lv9474@gmail.com,2,1
1518,"Lansang, Reagan Elenita",rel2389@gmail.com,2,1
1519,"Baybay, Hilda Rudy",hrb5585@gmail.com,3,1
1520,"Saoyen, Ulrich",us7820@gmail.com,2,1
1523,"Bahena, Teresa Daniela",tdb5285@gmail.com,4,3
1528,"Lumibaw, Charlie",cl2013@gmail.com,2,1
1529,"Tagulao, Zacarias Kael",zkt1236@gmail.com,4,3
1530,"Manacsa, Marilyn",mm6395@gmail.com,4,1
1532,"Tarongoy, Angel Bartolome",abt5123@gmail.com,4,3
1537,"Sambile, Horacio",hs7849@gmail.com,3,1
1538,"Dumaslan, Honorio Aurora",had3420@gmail.com,4,2
1539,"Dua, Herminia Jacob",hjd2457@gmail.com,3,2
1546,"Bumanglag, Pablito",pb1829@gmail.com,4,2
1547,"Batongmalaque, Liam",lb3677@gmail.com,3,2
1548,"Aligmayo, Elmer Edison",eea4336@gmail.com,3,2
1552,"Lagdameo, Avelino Elmer",ael6078@gmail.com,4,2
1557,"Tabocol, Nicole Julian",njt4019@gmail.com,3,1
1558,"Quitain, Janet",jq8420@gmail.com,3,1
1564,"Sampayan, Emeterio",es4835@gmail.com,4,1
1565,"Katapang, Jesusa Sergio",jsk4559@gmail.com,4,3
1566,"Guilaran, Luisa",lg2729@gmail.com,3,2
1567,"Talaugon, Gerald Nando",gnt8567@gmail.com,2,1
1568,"Balane, Alyssa Kenan",akb7868@gmail.com,3,2
1569,"Aguimatang, Calixto",ca8951@gmail.com,4,2
1570,"Baluyot, Leonida Irma",lib3633@gmail.com,2,1
1572,"Yabes, Gaudencio",gy7513@gmail.com,2,1
1573,"Lagda, Erin Chantal",ecl1537@gmail.com,3,1
1575,"Dimaranan, Eloisa",ed8092@gmail.com,2,1
1577,"Col-long, Steve Evangelina",sec1312@gmail.com,4,3
1578,"Ampang, Selma Jennifer",sja1771@gmail.com,4,2
1585,"Bumacod, Nena",nb3784@gmail.com,3,2
1589,"Malapira, Dion Sixto",dsm6890@gmail.com,4,3
1590,"Caharian, Basilio",bc7559@gmail.com,2,1
1592,"Pedlaoan, Dexter Tonyo",dtp5951@gmail.com,4,1
1593,"Dimaampao, Gregoria Roberto",grd3154@gmail.com,4,3
1594,"Basa, Nora",nb1731@gmail.com,2,1
1595,"Sagisi, Jaime Freddie",jfs7497@gmail.com,2,1
1596,"Tioaquen, Felipe",ft6905@gmail.com,2,1
1599,"Tugado, Mariano",mt5742@gmail.com,2,1
1602,"Taclas, Mario",mt1183@gmail.com,4,1
1604,"Calubaquib, Florencia Pepito",fpc2210@gmail.com,2,1
1605,"Matito, Anton Macario",amm5845@gmail.com,3,1
1606,"Oab, Tanya",to5855@gmail.com,3,1
1608,"Calicdan, Glenda Dexter",gdc1912@gmail.com,2,1
1609,"Hangad, Divina",dh7159@gmail.com,4,1
1610,"Luspo, Ferdinand Samantha",fsl3536@gmail.com,3,2
1611,"Banghulot, Shane Cecilio",scb1916@gmail.com,4,1
1612,"Lumapas, Francisca",fl8557@gmail.com,4,1
1613,"Ginubatan, Marcus Timoteo",mtg4675@gmail.com,2,1
1621,"Laylay, Adelaida",al6526@gmail.com,2,1
1623,"Balita, Bienvenido",bb4598@gmail.com,4,2
1624,"Magsombol, Lilian Tiffany",ltm2745@gmail.com,3,1
1626,"Bacaycay, David",db6190@gmail.com,4,3
1629,"Yagyagan, Araceli Nieves",any6884@gmail.com,3,1
1632,"Caunin, Christian Francisco",cfc7094@gmail.com,3,2
1634,"Bagaman, Bianca",bb9349@gmail.com,3,2
1635,"Punsalang, Eustaquio",ep4452@gmail.com,2,1
1638,"Carating, Gabrielle Jesse",gjc2649@gmail.com,4,3
1642,"Malimban, Venancio Nathan",vnm8442@gmail.com,4,3
1643,"Paglinawan, Gerald Evangelina",gep2196@gmail.com,2,1
1646,"Nunag, Anselmo Cipriano",acn8953@gmail.com,4,1
1653,"Dupim, Dolores",dd4321@gmail.com,2,1
1656,"Binsol, Brian/Bryan",bb6829@gmail.com,4,2
1657,"Catacataca, Pepito Pedring",ppc2715@gmail.com,4,1
1658,"Tablac, Marian May",mmt5600@gmail.com,2,1
1659,"Capulong, Goyo",gc4028@gmail.com,3,1
1663,"Ylanan, Beverly Wilma Wilson",bwwy9836@gmail.com,2,1
1664,"Mangay-ayam, Rex Ciriaco",rcm1755@gmail.com,2,1
1668,"Gaoiran, Isaias",ig8818@gmail.com,2,1
1669,"Tabua, Puring Eliseo",pet4739@gmail.com,4,3
1673,"Pinlac, Marilyn",mp2743@gmail.com,4,2
1674,"Capati, Elvira Shane",esc3790@gmail.com,4,1
1678,"Panis, Ignacio",ip9368@gmail.com,4,2
1679,"Binaoro, Rodrigo Dominic",rdb8491@gmail.com,4,1
1680,"Ginubatan, Valerie",vg8104@gmail.com,4,2
1681,"Dimarucot, Marian Fernando",mfd8573@gmail.com,3,2
1682,"Dimaandal, Beverly Ricardo",brd6457@gmail.com,4,1
1684,"Punsoy, Edwin Melchora",emp1230@gmail.com,2,1
1688,"Agam, Dwarding Joanna",dja6612@gmail.com,4,1
1689,"Tacadena, Catherine Cathleen",cct2338@gmail.com,4,2
1690,"Macahilig, Alfonso Clinton",acm1711@gmail.com,3,1
1692,"Tumaneng, Cecilia Zenaida",czt2488@gmail.com,4,2
1693,"Mangabat, Lawrence",lm2260@gmail.com,3,2
1697,"Ontoy, Karding",ko4867@gmail.com,3,1
1699,"Pabualan, Delia Raphaela",drp6022@gmail.com,4,1
1700,"Mangoba, Criselda Natalie",cnm1634@gmail.com,4,1
1701,"Katapang, Liza",lk7671@gmail.com,2,1
1702,"Ugale, Pedro Teresa",ptu2151@gmail.com,2,1
1703,"Lucena, Jericho",jl1313@gmail.com,2,1
1704,"Manabat, Mary Ann Herminio",mahm1878@gmail.com,3,1
1705,"Magsanoc, Emeteria Ismael",eim1208@gmail.com,2,1
1707,"Badabgio, Edgar Evangelina",eeb4644@gmail.com,3,2
1709,"Hinahon, Raymundo Evangeline",reh3991@gmail.com,4,2
1710,"Magpayo, Derek",dm4400@gmail.com,2,1
1714,"Naoe, Jomari",jn5665@gmail.com,4,1
1716,"Yago, Janette",jy4386@gmail.com,2,1
1718,"Tagorda, Luz Ladislao",llt6737@gmail.com,4,3
1719,"Calipusan, Rosita Hazel",rhc5222@gmail.com,2,1
1721,"Bayquen, Claudio",cb6779@gmail.com,4,1
1722,"Aguimatang, Kendra Baste",kba1546@gmail.com,3,1
1726,"Sagiguinto, Kristen Nathan",kns9748@gmail.com,2,1
1727,"Itliong, Joanne Selma",jsi6489@gmail.com,2,1
1729,"Curaming, Richard",rc7286@gmail.com,2,1
1730,"Delasin, Dolores",dd9866@gmail.com,4,2
1732,"Bonoan, Tanya Fernando",tfb4601@gmail.com,4,1
1733,"Madlangbayan, Restituto Eleuterio",rem5323@gmail.com,4,3
1736,"Deang, Cristina Leilani",cld6918@gmail.com,3,2
1737,"Manuyong, Ed",em8987@gmail.com,2,1
1739,"Gacutan, Nena",ng2827@gmail.com,3,1
1740,"Tabayoyong, Patricio Fortunato",pft4781@gmail.com,2,1
1743,"Anub, Juanito",ja1909@gmail.com,3,2
1747,"Macasaet, Michaela Rudy",mrm7321@gmail.com,4,3
1749,"Salop, Chloe",cs9519@gmail.com,4,2
1752,"Pagao, Deodato",dp6916@gmail.com,4,2
1753,"Lagatoc, Rodelio",rl7318@gmail.com,2,1
1757,"Baisac, InesA Alan",iab1495@gmail.com,4,1
1759,"Babalato, Kael",kb2327@gmail.com,3,2
1760,"Simbulan, Cardo",cs2449@gmail.com,4,3
1761,"Lactaoen, Estanislao",el4377@gmail.com,4,1
1765,"Hapayhari, Adelaida",ah7884@gmail.com,4,2
1766,"Tuktukan, Tadeo",tt5868@gmail.com,4,2
1768,"Camagay, Mariano",mc2370@gmail.com,2,1
1769,"Macaspac, Faye Boris",fbm7432@gmail.com,4,1
1771,"Ilumin, Matthew",mi6236@gmail.com,3,1
1773,"Bangayan, Stacy",sb3315@gmail.com,3,2
1775,"Magtalas, Florentino",fm7980@gmail.com,4,3
1777,"Katapang, Tere",tk4724@gmail.com,3,1
1779,"Mania, Dionisio Nieves",dnm9087@gmail.com,4,2
1780,"Gamata, Kulas",kg1988@gmail.com,4,1
1781,"Cacab, Gary",gc6790@gmail.com,4,2
1783,"Dacquel, InesA",id6201@gmail.com,2,1
1787,"Jalbuna, Herminia Elise",hej2629@gmail.com,2,1
1788,"Tugade, Nenita Jack",njt3171@gmail.com,2,1
1791,"Umayam, Daryl Cecilia",dcu2710@gmail.com,3,1
1792,"Ganaban, Santiago Teobaldo",stg3161@gmail.com,4,3
1793,"Agunod, Primitivo Ronaldo",pra2928@gmail.com,4,1
1794,"Acolola, Leilani Ronald",lra4774@gmail.com,2,1
1796,"Macaraeg, Jason/Jayson Carl",jcm6983@gmail.com,4,3
1798,"Bontuyan, Kardo Cleo",kcb5238@gmail.com,3,1
1799,"Caluncagin, Giovanni",gc4604@gmail.com,4,1
1800,"Datahan, Teresita Jared",tjd9888@gmail.com,3,2
1803,"Lactaoen, Micael Camilo",mcl6325@gmail.com,3,2
1811,"Talastas, Jezreel",jt3396@gmail.com,2,1
1814,"Acolola, Andoy",aa2290@gmail.com,4,1
1816,"Abyog, Alvin",aa3256@gmail.com,3,1
1817,"Namocatcat, Marcial",mn1378@gmail.com,4,2
1819,"Mabutas, Lilia Ambrose",lam5475@gmail.com,4,1
1821,"Buaya, Leonida",lb2756@gmail.com,2,1
1822,"Baliad, Patricio Eulogio",peb1551@gmail.com,4,3
1823,"Salboro, Elbert Brenda",ebs5184@gmail.com,4,3
1827,"Bungcayao, Billy Ciara",bcb5422@gmail.com,4,1
1829,"Canoy, Dexter Daisy",ddc6903@gmail.com,3,2
1830,"Magsaysay, Clarissa Melvin",cmm6560@gmail.com,4,1
1831,"Emuslan, Lyndon Claudia",lce4647@gmail.com,3,1
1832,"Patoc, Marianne Hendrix",mhp7758@gmail.com,2,1
1833,"Alalay, Austin Oliver",aoa6395@gmail.com,4,3
1835,"Sawi, Crystal",cs5538@gmail.com,3,1
1837,"Tabag, Emeterio Avelino",eat2431@gmail.com,4,3
1839,"Macairan, Marco Conrado",mcm7091@gmail.com,4,1
1841,"Julag-ay, Vivian Crystal",vcj6781@gmail.com,2,1
1845,"Ligid, Wilma Wilson",wwl4072@gmail.com,4,1
1847,"Lagadi, Alice Nena",anl8160@gmail.com,3,2
1848,"Tabucbuc, Jasmine",jt1010@gmail.com,4,2
1849,"Bacolor, Dionisia",db3596@gmail.com,3,2
1851,"Yabes, Enrique",ey9461@gmail.com,4,2
1856,"Agatep, Reginald Gerald",rga9906@gmail.com,3,2
1859,"Sumulong, Arlene",as4597@gmail.com,2,1
1860,"Talusan, Emong",et3698@gmail.com,2,1
1861,"Sucaldito, Benedict",bs8597@gmail.com,4,2
1867,"Salang, Victoria Rebecca",vrs6199@gmail.com,4,1
1868,"Baradi, Arlene",ab5749@gmail.com,3,2
1869,"Basig, Esperanza",eb8418@gmail.com,3,2
1870,"Sulit, Goyo",gs1770@gmail.com,2,1
1872,"Galut, Pamela",pg8991@gmail.com,4,1
1876,"Quitain, Ivy Lucille",ilq4721@gmail.com,4,1
1877,"Sacayanan, Charmaine Basilio",cbs1282@gmail.com,2,1
1879,"Suyat, Olivia Rachel",ors4714@gmail.com,2,1
1881,"Valarao, Peregrino Veronica",pvv8766@gmail.com,2,1
1887,"Dapat, Eulogio Amado",ead7420@gmail.com,2,1
1888,"Inton, Daniel Sherwin",dsi5532@gmail.com,4,3
1891,"Dayrit, Allen Janeth",ajd3302@gmail.com,4,3
1892,"Balabis, Basilio Eleanor",beb8190@gmail.com,4,2
1894,"Tagarro, Emma",et5964@gmail.com,4,1
1895,"Untalan, Charlie",cu6992@gmail.com,3,1
1896,"Macairan, Pablito Isidra",pim4603@gmail.com,4,1
1897,"Maharais, Allen",am5348@gmail.com,2,1
1898,"Omictin, Vincent",vo2501@gmail.com,2,1
1900,"Casuga, Ophelia Beatriz",obc7605@gmail.com,4,2
1902,"Sagadraca, Daniela Fely",dfs1857@gmail.com,2,1
1904,"Catanyag, Graciela",gc4711@gmail.com,3,1
1906,"Dulay, Eugenia Beatrice",ebd9835@gmail.com,4,3
1907,"Calanoc, Tiffany Lambert",tlc2217@gmail.com,4,1
1908,"Matubis, Daniel Bernadette",dbm4906@gmail.com,4,2
1911,"Bagtas, Camilo",cb6741@gmail.com,2,1
1917,"Tacuycuy, Anastacia",at3350@gmail.com,4,1
1921,"Ducisin, Arvin Japheth",ajd5778@gmail.com,3,1
1922,"Galut, Diosdado Lorena",dlg5374@gmail.com,4,2
1924,"Gatpolintan, Gladys",gg4365@gmail.com,2,1
1926,"Motos, Goryo Sara",gsm6814@gmail.com,2,1
1929,"Dualan, Lance",ld2859@gmail.com,3,1
1930,"Inabayan, Althea Susanna",asi8269@gmail.com,4,2
1931,"Tabonda, Olivia",ot8607@gmail.com,3,1
1933,"Calo, Ronald Joselito",rjc9425@gmail.com,4,3
1935,"Conti, Alice Sharon",asc4348@gmail.com,2,1
1937,"Maglipon, Benito",bm3598@gmail.com,3,1
1941,"Pagunsan, Christopher",cp6653@gmail.com,3,1
1942,"Alampay, Erning Deborah",eda4545@gmail.com,4,1
1945,"Dupim, Lucia Andrew",lad5605@gmail.com,3,1
1946,"Punsoy, Reynaldo Benito",rbp4760@gmail.com,3,1
1951,"Lansang, Matthew Teodora",mtl7944@gmail.com,3,2
1953,"Pagsanjan, Henrietta",hp6701@gmail.com,3,1
1956,"Ampongan, Joyce Evangelina",jea6088@gmail.com,4,1
1959,"Batoon, Philip",pb1999@gmail.com,4,1
1960,"Hinagpis, Leonora Vivian",lvh1412@gmail.com,3,1
1963,"Talosig, Valerie",vt8829@gmail.com,3,1
1970,"Quinoy, Rosendo",rq8179@gmail.com,3,2
1972,"Mallabo, Arcadio",am3239@gmail.com,2,1
1974,"Bagsit, Amelia",ab5271@gmail.com,3,2
1976,"Quilala, Daryl Bonifacio",dbq1658@gmail.com,2,1
1980,"Bagaman, Adolfo",ab7807@gmail.com,3,1
1984,"Calagos, Elbert",ec4582@gmail.com,4,2
1986,"Manigbas, Eleuterio Gwyneth",egm4714@gmail.com,4,2
1988,"Raganit, Hilda Sara",hsr4066@gmail.com,3,2
1990,"Aganad, Dominic",da8895@gmail.com,3,1
1991,"Magplaya, Simon",sm7155@gmail.com,2,1
1992,"Calicdan, Carlos",cc4076@gmail.com,3,2
1993,"Kanlungan, Catherine Berto",cbk8522@gmail.com,2,1
1994,"Cagaoas, Gretchen Arvin",gac7860@gmail.com,4,2
1996,"Manasas, Camilo Berto",cbm7212@gmail.com,3,2
1999,"Bongot, Epifania",eb9876@gmail.com,4,2
2000,"Subaybay, Juanita Francisco",jfs5906@gmail.com,2,1
2001,"Talatala, Marina",mt9205@gmail.com,4,1
2002,"Balagtas, Kyle",kb7046@gmail.com,4,3
2003,"Balatbat, Penelope",pb6975@gmail.com,4,1
2004,"Corotan, Marc Estrella",mec2586@gmail.com,2,1
2007,"Daguhay, Isko",id4182@gmail.com,2,1
2012,"Dalogdog, Calixto",cd6379@gmail.com,4,1
2014,"Malbog, Constantino Renato",crm8259@gmail.com,2,1
2019,"Tagalicod, Selma Jessamine",sjt1995@gmail.com,2,1
2020,"Dumpay, Nelson",nd6254@gmail.com,4,1
2022,"Malikay, Bartolome",bm3455@gmail.com,2,1
2023,"Bantigui, Ezequiel Ricky",erb7619@gmail.com,3,1
2025,"Salang, Flordeliza Agapito",fas5004@gmail.com,4,2
2026,"Isip, Liam",li4976@gmail.com,2,1
2031,"Mallabo, Eurydice",em4538@gmail.com,3,2
2032,"Dayag, Alicia",ad1137@gmail.com,2,1
2034,"Moguet, Gregory Tadeo",gtm5507@gmail.com,4,1
2037,"Bongot, Earl",eb9056@gmail.com,2,1
2038,"Ugale, Felix Kanoy",fku2608@gmail.com,3,2
2040,"Mataac, Berto Hermenegildo",bhm7355@gmail.com,4,2
2042,"Macagba, Chelsea",cm5123@gmail.com,4,2
2043,"Baitan, Analiza Raquel",arb5076@gmail.com,4,2
2049,"Cabatuan, Edwin",ec1918@gmail.com,2,1
2052,"Dacayanan, Marlon",md4577@gmail.com,3,1
2055,"Pamintuan, Heather Ulysses",hup3456@gmail.com,4,3
2060,"Caoili, Christian",cc3437@gmail.com,3,1
2063,"Makiling, Arsenio",am2668@gmail.com,3,2
2066,"Cabudol, Genevieve Fe",gfc1030@gmail.com,4,3
2067,"Calupitan, Mark",mc6031@gmail.com,2,1
2068,"Cabauatan, Chloe",cc5602@gmail.com,4,2
2069,"Curaming, Jennifer",jc5498@gmail.com,3,2
2072,"Mailum, Valeriano",vm2668@gmail.com,4,1
2077,"Caniya, Carlos",cc8713@gmail.com,3,1
2079,"Dagohoy, Abigail Samuel",asd8713@gmail.com,2,1
2081,"Amurao, Sydney Berto",sba3578@gmail.com,3,2
2085,"Daomilas, Cecilia Marilyn",cmd5161@gmail.com,3,2
2088,"Baraoidan, Bonifacio",bb1030@gmail.com,4,1
2091,"Mallilin, Rico Catherine",rcm7595@gmail.com,3,2
2093,"Danao, Audrey",ad9481@gmail.com,2,1
2094,"Sampilo, Yolly",ys9179@gmail.com,4,3
2097,"Dagohoy, Clara",cd4084@gmail.com,3,1
2098,"Irong, Josefa Constantino",jci9591@gmail.com,3,2
2099,"Sablay, Kanoy Audrey",kas1926@gmail.com,3,1
2100,"Bandol, Mary Jane Guillermo",mjgb9288@gmail.com,4,3
2103,"Pagulayan, Kaloy",kp5094@gmail.com,3,1
2108,"Cabansag, Bernadette Leonardo",blc6096@gmail.com,3,2
2110,"Carungcong, Larissa",lc2328@gmail.com,4,3
2111,"Mangayo, Penelope Evelyn",pem7128@gmail.com,4,3
2113,"Tutaan, Joy",jt9688@gmail.com,4,1
2115,"Cabunoc, Antonio",ac5667@gmail.com,2,1
2116,"Mangalindan, Eugenia Leonora",elm4047@gmail.com,3,2
2117,"Dinolang, Alex Anastasio",aad2569@gmail.com,4,3
2118,"Manguingat, Keira",km8618@gmail.com,4,2
2121,"Alimboyugen, Mona",ma8559@gmail.com,3,2
2125,"Agati, Dennis",da5746@gmail.com,4,1
2132,"Sawi, Roger Gregory",rgs9713@gmail.com,4,3
2133,"Panaguinto, Veronica Nieves",vnp2850@gmail.com,3,1
